sku,moneda,monto,rango_min,rango_max,unidad,vigente_desde,vigente_hasta,condiciones
EVT-J1-TC,MXN,2980,100,100,persona,2027-01-01,2027-12-31,Paquete Estándar 2027. 100 invitados. No incluye IVA ni tramitología.
EVT-J1-TC,MXN,2550,150,150,persona,2027-01-01,2027-12-31,Paquete Estándar 2027. 150 invitados. No incluye IVA ni tramitología.
EVT-J1-TC,MXN,2200,200,200,persona,2027-01-01,2027-12-31,Paquete Estándar 2027. 200 invitados. No incluye IVA ni tramitología.
EVT-J1-TC,MXN,2000,250,250,persona,2027-01-01,2027-12-31,Paquete Estándar 2027. 250 invitados. No incluye IVA ni tramitología.
EVT-J1-TC,MXN,1800,300,300,persona,2027-01-01,2027-12-31,Paquete Estándar 2027. 300 invitados. No incluye IVA ni tramitología.
EVT-J1-PREMIUM,MXN,3590,100,100,persona,2027-01-01,2027-12-31,Upgrade Premium 2027. 100 invitados. No incluye IVA ni tramitología.
EVT-J1-PREMIUM,MXN,3100,150,150,persona,2027-01-01,2027-12-31,Upgrade Premium 2027. 150 invitados. No incluye IVA ni tramitología.
EVT-J1-PREMIUM,MXN,2710,200,200,persona,2027-01-01,2027-12-31,Upgrade Premium 2027. 200 invitados. No incluye IVA ni tramitología.
EVT-J1-PREMIUM,MXN,2450,250,250,persona,2027-01-01,2027-12-31,Upgrade Premium 2027. 250 invitados. No incluye IVA ni tramitología.
EVT-J1-PREMIUM,MXN,2250,300,300,persona,2027-01-01,2027-12-31,Upgrade Premium 2027. 300 invitados. No incluye IVA ni tramitología.
